targetid,barcode9l,barcode
2562202,TACCGCTCCATATTG,TACCGCTCCATAT
2562130,ACACTTCGTTCTTGC,ACACTTCGTTCT
2562139,TCTTCCTAGGTTGCA,TCTTCCTAGGT
2562140,CTCTCTCTCTAGTAT,CTCTCTCTCTAGTA
2562249,CTTGTGTGTATGCAG,CTTGTGTGTA
2571080,TTGGTGCGGCGGATT,TTGGTGCGGCGGAT
2562167,ATGAGTAGTCTAATG,ATGAGTAGTCTAA
3517861,TCGCATAGTGTGCAG,TCGCATAGTG
3517868,TGCGTATAGGTGCAG,TGCGTATAGG
3517879,AGGATACATCCTTGC,AGGATACATCCT
3593375,TATGCTCCACATTGC,TATGCTCCACAT
3593362,TCTACATCCGCTCTT,TCTACATCCGCTCT
3593372,CCGTGAGGTCACCGT,CCGTGAGGTCACCG
3593394,GCCTGCTATGCGGAT,GCCTGCTATGCGGA
3593395,TACAATGTGCGTAAT,TACAATGTGCGTAA
3593393,ATCTCCACCTATTGC,ATCTCCACCTAT
3593397,CGGACTTCTCGGAGT,CGGACTTCTCGGAG
3593356,AATGTGCCGTCGCTT,AATGTGCCGTCGCT
3593337,TATACAGAGGCTTAT,TATACAGAGGCTTA
3593377,GTCATGGAGTGTGTG,GTCATGGAGTGTG
4013436,ATTACGTCAGTATTG,ATTACGTCAGTAT
4013440,GTCTTAGCAATGCAG,GTCTTAGCAA
4013441,GAACCGAGGTATGCA,GAACCGAGGTA
4013442,AAGATCAGGAATGCA,AAGATCAGGAA
4013447,CTCTAACTATGAGTG,CTCTAACTATGAG
4013448,AACGATGACGTGCAG,AACGATGACG
4013450,GTGCAGTTCCATGCA,GTGCAGTTCCA
